City_ID,City,Lat,Lng,Max Temp,Humidity,Cloudiness,Wind Speed,Country,Date
0,yellowknife,62.456,-114.3525,14.12,67,20,6.71,CA,1717471880
1,arno,60.1167,18.6333,13.77,62,9,4.73,SE,1717472049
2,bethel,41.3712,-73.414,20.64,78,0,0.0,US,1717472049
3,saint-pierre,-21.3393,55.4781,18.82,68,0,2.06,RE,1717472049
4,eureka,40.8021,-124.1637,15.67,80,100,1.79,US,1717471870
5,tungi,23.89,90.4058,31.0,79,40,4.12,BD,1717472050
6,guiglo,6.5456,-7.4966,22.26,99,100,0.89,CI,1717472031
7,prabumulih,-3.45,104.25,32.25,58,88,0.18,ID,1717472050
8,margaret river,-33.95,115.0667,19.07,65,51,3.36,AU,1717472051
9,waitangi,-43.9535,-176.5597,8.79,86,100,2.68,NZ,1717472051
10,ust-nera,64.5667,143.2,19.73,23,37,1.85,RU,1717472051
11,udachny,66.4167,112.4,16.92,34,38,4.93,RU,1717472051
12,berezovyy,51.6667,135.7,10.27,64,100,2.56,RU,1717472051
13,port arthur,38.8,121.2667,27.12,61,1,2.85,CN,1717472052
14,albany,42.6001,-73.9662,20.23,69,58,1.63,US,1717471949
15,san juan,-31.5375,-68.5364,8.79,51,94,1.22,AR,1717472052
16,chibougamau,49.9168,-74.3659,16.79,59,75,2.06,CA,1717472052
17,vado ligure,44.2691,8.4338,19.1,91,84,1.56,IT,1717472052
18,grytviken,-54.2811,-36.5092,-0.81,80,35,3.96,GS,1717472053
19,adamstown,-25.066,-130.1015,21.36,80,94,3.97,PN,1717472053
20,namdrik,5.5994,168.1028,28.48,76,98,3.95,MH,1717472053
21,nieuw amsterdam,5.8833,-55.0833,25.09,94,98,3.14,SR,1717472053
22,invercargill,-46.4,168.35,11.12,71,100,1.34,NZ,1717472054
23,hermanus,-34.4187,19.2345,16.0,94,100,6.89,ZA,1717472054
24,fale old settlement,-9.3852,-171.2468,28.75,74,72,6.05,TK,1717472054
25,kingston,17.997,-76.7936,28.53,79,20,3.6,JM,1717471810
26,lihue,21.9789,-159.3672,28.58,79,75,5.66,US,1717471976
27,port-aux-francais,-49.35,70.2167,1.89,80,96,17.37,TF,1717472055
28,punta arenas,-53.15,-70.9167,0.06,93,0,2.57,CL,1717471785
29,iqaluit,63.7506,-68.5145,-0.15,93,100,2.57,CA,1717471813
30,cabo san lucas,22.8909,-109.9124,28.17,41,0,4.63,MX,1717472055
31,ulsteinvik,62.3432,5.8487,10.97,75,97,6.26,NO,1717472056
32,longyearbyen,78.2186,15.6401,4.91,75,75,9.77,SJ,1717472056
33,georgetown,5.4112,100.3354,31.97,72,20,1.03,MY,1717471813
34,blackmans bay,-43.0167,147.3167,13.74,89,33,0.89,AU,1717472056
35,tanumah,27.1,44.1333,32.12,12,0,0.88,SA,1717472057
36,praia da vitoria,38.7333,-27.0667,17.64,94,20,2.61,PT,1717471903
37,arkhangel'sk,64.5401,40.5433,18.06,100,40,3.0,RU,1717471941
38,tercan,39.7794,40.3925,16.47,54,0,0.74,TR,1717472057
39,port alfred,-33.5906,26.891,10.66,82,35,0.89,ZA,1717472057
40,yershov,51.3513,48.2766,22.2,65,33,4.29,RU,1717471811
41,lionel town,17.8101,-77.2406,28.94,89,28,2.48,JM,1717472058
42,papatowai,-46.5619,169.4708,9.88,65,97,2.37,NZ,1717472058
43,quatre cocos,-20.2078,57.7625,22.06,67,1,6.75,MU,1717472058
44,kristiansund,63.1115,7.732,9.03,81,75,5.14,NO,1717472059
45,fada,9.5667,8.3,20.7,95,62,1.48,NG,1717472059
46,taroudant,30.4703,-8.877,16.51,91,41,1.24,MA,1717471896
47,mashi,12.9784,7.9529,27.05,59,93,4.34,NG,1717472059
48,asind,25.7333,74.3333,34.75,32,1,8.37,IN,1717472060
49,middlesboro,36.6084,-83.7166,21.22,94,0,0.0,US,1717472060
50,lebu,-37.6167,-73.65,10.27,72,81,3.46,CL,1717472061
51,castillos,-34.1667,-53.8333,8.26,74,100,0.92,UY,1717471990
52,mazagao,-0.115,-51.2894,27.03,96,100,1.75,BR,1717472061
53,edinburgh of the seven seas,-37.0676,-12.3116,12.7,63,7,5.63,SH,1717472061
54,keflavik,64.0049,-22.5624,4.95,65,40,9.26,IS,1717472061
55,happy valley-goose bay,53.3168,-60.3315,18.17,82,75,4.63,CA,1717472062
56,kilifi,-3.6305,39.8499,24.96,89,87,3.74,KE,1717472062
57,kavaratti,10.5669,72.642,28.74,81,100,3.19,IN,1717472062
58,port elizabeth,-33.918,25.5701,10.17,94,0,0.51,ZA,1717472062
59,nuku'alofa,-21.1333,-175.2,26.19,61,75,4.63,TO,1717471831
60,bethanie,-26.4833,17.15,4.24,80,0,1.39,NA,1717472063
61,port mathurin,-19.6833,63.4167,23.66,69,1,10.1,MU,1717472063
62,mossel bay,-34.1831,22.146,14.96,80,100,7.88,ZA,1717471794
63,novyy urgal,51.0736,132.5642,21.88,22,61,3.48,RU,1717472064
64,sitka,57.0531,-135.33,10.94,76,100,2.06,US,1717472064
65,talnakh,69.4865,88.3972,-2.11,85,100,2.87,RU,1717472064
66,brisas de zicatela,15.8369,-97.0419,30.29,84,100,3.09,MX,1717472064
67,sumenep,-7.0167,113.8667,32.21,58,89,3.98,ID,1717472065
68,nadym,65.5333,72.5167,-0.58,83,100,1.51,RU,1717472065
69,susuman,62.7833,148.1667,16.1,33,70,3.13,RU,1717472065
70,porirua,-41.1333,174.85,13.14,65,21,3.84,NZ,1717472065
71,sisimiut,66.9395,-53.6735,2.52,65,100,2.67,GL,1717472065
72,terrace,54.5163,-128.6035,13.45,62,75,6.17,CA,1717472066
73,winnipeg,49.8844,-97.147,19.99,69,75,2.57,CA,1717471891
74,whitehorse,60.7161,-135.0538,13.43,59,75,2.06,CA,1717472066
75,shyshaky,49.8817,34.0112,17.23,85,100,1.96,UA,1717472066
76,aasiaat,68.7098,-52.8699,-3.51,82,53,3.92,GL,1717472067
77,lompoc,34.6391,-120.4579,17.1,82,100,10.73,US,1717472067
78,kapuskasing,49.4169,-82.4331,18.0,77,100,2.06,CA,1717472067
79,tazovsky,67.4667,78.7,-1.7,90,48,5.63,RU,1717472067
80,ponta delgada,37.7333,-25.6667,18.44,88,20,3.6,PT,1717472067
81,taro,-8.3862,115.28,25.0,60,100,2.2,ID,1717472068
82,stanley,54.868,-1.6985,12.38,89,75,2.57,GB,1717472068
83,susanville,40.4163,-120.653,16.57,60,100,2.24,US,1717472068
84,badger,64.8,-147.5333,20.95,37,75,2.06,US,1717472068
85,utrik,11.2278,169.8474,28.13,78,100,8.73,MH,1717472069
86,ilam,26.9167,87.9167,25.9,71,25,2.41,NP,1717472069
87,al bawiti,28.3492,28.8659,24.14,34,0,1.97,EG,1717472069
88,martapura,-3.4167,114.85,26.05,89,40,3.09,ID,1717472069
89,desterro,-7.2906,-37.0939,19.45,96,40,3.33,BR,1717472069
90,kholmsk,47.0511,142.0569,16.0,58,100,2.68,RU,1717472070
91,banda aceh,5.5577,95.3222,30.06,65,100,1.97,ID,1717472070
92,keetmanshoop,-26.5833,18.1333,4.51,93,0,0.0,NA,1717472070
93,anadyr,64.75,177.4833,12.28,32,0,8.0,RU,1717472070
94,puerto natales,-51.7236,-72.4875,-3.06,92,99,1.19,CL,1717471923
95,la'ie,21.6477,-157.9253,27.98,81,2,3.13,US,1717471920
96,poronaysk,49.2167,143.1167,8.32,82,100,3.64,RU,1717472071
97,college,64.8569,-147.8028,20.99,41,75,2.06,US,1717472071
98,avarua,-21.2078,-159.775,24.03,64,40,2.57,CK,1717472071
99,saldanha,-33.0117,17.9442,16.03,95,46,4.06,ZA,1717472072
100,baihe,22.15,107.2333,31.09,73,92,1.0,CN,1717472072
101,ostersund,63.1792,14.6357,7.25,93,96,1.03,SE,1717472072
102,san-pedro,4.7485,-6.6363,25.01,91,100,2.62,CI,1717472072
103,kodiak,57.79,-152.4072,7.73,76,100,2.06,US,1717472072
104,mournies,35.4764,24.0092,22.68,64,0,1.54,GR,1717472073
105,pagar alam,-4.0167,103.2667,28.66,60,100,2.04,ID,1717472073
106,kirakira,-10.4544,161.9205,28.31,82,30,1.06,SB,1717472073
107,buka,40.8108,69.1986,25.79,39,6,3.71,UZ,1717472073
108,al wafrah,28.6392,47.9306,35.45,9,0,7.78,KW,1717472074
109,tyazhinskiy,56.116,88.524,10.33,92,100,6.64,RU,1717472074
110,blythe,33.6103,-114.5964,36.25,12,0,6.17,US,1717472074
111,olonkinbyen,70.9221,-8.7187,0.57,91,68,11.74,SJ,1717472074
112,ola,59.5833,151.2833,7.3,72,84,4.61,RU,1717472074
113,hamilton,39.1834,-84.5333,22.35,86,0,0.0,US,1717472042
114,qaqortoq,60.7167,-46.0333,3.84,87,89,1.05,GL,1717472075
115,ushuaia,-54.8,-68.3,2.81,87,100,1.03,AR,1717471997
116,nasiriyah,31.0521,46.261,34.69,13,0,7.68,IQ,1717472075
117,palmer,42.1584,-72.3287,19.98,69,0,2.06,US,1717472031
118,tiksi,71.6872,128.8694,6.88,68,39,1.38,RU,1717472076
119,iskateley,67.6803,53.1512,6.68,95,98,2.68,RU,1717472076
120,inhambane,-23.865,35.3833,22.74,92,68,3.18,MZ,1717472030
121,xinyuan,37.3,99.0,10.59,39,1,6.07,CN,1717472076
122,kavieng,-2.5744,150.7967,29.56,70,87,1.46,PG,1717471888
123,muroto-misakicho,33.2833,134.15,21.3,65,2,5.05,JP,1717472077
124,mysore,12.3072,76.6497,26.0,78,20,2.06,IN,1717472077
125,broken hill,-31.95,141.4333,11.05,49,99,3.66,AU,1717471883
126,oulainen,64.2667,24.8,15.45,74,100,1.17,FI,1717471839
127,ilulissat,69.2167,-51.1,0.01,74,8,0.51,GL,1717472078
128,vilyuysk,63.7553,121.6247,26.11,23,25,3.58,RU,1717471937
129,sarandi grande,-33.7333,-56.3333,2.95,92,25,3.48,UY,1717472078
130,hanamaki,39.3833,141.1167,20.11,60,75,2.06,JP,1717472078
131,porto novo,6.4965,2.6036,27.9,89,81,2.02,BJ,1717472079
132,maxixe,-23.8597,35.3472,22.15,93,63,2.73,MZ,1717472079
133,kalach-na-donu,48.691,43.5264,23.4,53,39,4.35,RU,1717471827
134,wamba,8.9333,8.6,23.55,91,58,1.09,NG,1717472079
135,stropkov,49.2021,21.6522,15.83,98,100,0.78,SK,1717472079
136,wailua homesteads,22.0669,-159.378,28.24,84,75,5.66,US,1717472080
137,afaahiti,-17.75,-149.2833,25.59,76,100,6.15,PF,1717472080
138,selfoss,63.9331,-20.9971,3.91,58,98,7.88,IS,1717472080
139,puerto deseado,-47.7503,-65.8938,5.93,74,100,4.01,AR,1717471879
140,thompson,55.7435,-97.8558,12.09,71,40,4.12,CA,1717472080
141,bakanas,44.8081,76.2772,21.57,24,0,7.97,KZ,1717472081
142,maracas,-13.4411,-40.4308,15.74,99,74,2.22,BR,1717472081
143,uliastay,47.7417,96.8444,16.66,27,92,5.43,MN,1717472081
144,bardai,11.65,7.2333,23.9,65,100,4.85,NG,1717472081
145,kharan,28.5833,65.4167,33.07,22,0,2.09,PK,1717472081
146,cockburn town,21.4612,-71.1419,25.77,89,100,6.46,TC,1717472082
147,tura,25.5198,90.2201,27.97,82,9,2.24,IN,1717472082
148,bilibino,68.0546,166.4372,14.75,36,99,3.67,RU,1717472082
149,bredasdorp,-34.5322,20.0403,16.47,91,100,8.2,ZA,1717472082
150,weno,7.4515,151.8468,30.97,79,75,3.6,FM,1717472082
151,vernon,50.2581,-119.2691,16.34,41,5,3.6,CA,1717472083
152,wagar,16.1525,36.2032,34.81,23,6,2.52,SD,1717472083
153,thunder bay,48.4001,-89.3168,11.99,94,40,3.6,CA,1717471790
154,nova sintra,14.8667,-24.7167,24.58,76,97,8.01,CV,1717471785
155,hobyo,5.3505,48.5268,27.07,78,96,10.26,SO,1717472084
156,klyuchi,52.2667,79.1667,18.4,69,100,7.19,RU,1717472084
157,carnarvon,-24.8667,113.6333,22.45,43,0,5.21,AU,1717472085
158,west island,-12.1568,96.8225,29.99,79,31,6.69,CC,1717472085
159,belmonte,-15.8631,-38.8828,22.56,90,87,2.45,BR,1717472085
160,escarcega,18.6089,-90.7454,28.79,53,16,1.94,MX,1717471909
161,hudiksvall,61.729,17.1036,10.42,68,3,2.69,SE,1717472086
162,jinghong,21.991,100.7341,30.59,56,56,1.25,CN,1717472086
163,hawaiian paradise park,19.5933,-154.9731,25.73,84,100,3.6,US,1717472086
164,nemuro,43.3236,145.575,7.99,89,82,4.42,JP,1717472086
165,vilhena,-12.7406,-60.1458,20.02,68,100,1.04,BR,1717472087
166,mukalla,14.5425,49.1242,30.0,69,32,0.49,YE,1717472087
167,nagato,34.3833,131.2,23.44,71,5,8.02,JP,1717472087
168,la ronge,55.1001,-105.2842,14.14,67,100,5.14,CA,1717472087
169,mata-utu,-13.2816,-176.1745,27.81,75,13,7.83,WF,1717472087
170,monrovia,6.3005,-10.7969,25.87,87,100,1.31,LR,1717472088
171,ad darb,17.7229,42.2526,31.56,59,0,1.37,SA,1717472088
172,al ghayzah,16.2079,52.176,29.88,65,42,2.02,YE,1717472088
173,polyarnyy,69.1989,33.4478,10.82,87,91,1.33,RU,1717471983
174,tangalle,6.024,80.7911,29.09,77,65,4.96,LK,1717472088
175,lucas,41.6501,-83.6666,20.29,80,0,2.06,US,1717472089
176,vorgashor,67.5833,63.95,-3.44,85,88,1.19,RU,1717472089
177,chonchi,-42.6128,-73.8092,7.56,97,100,2.73,CL,1717471901
178,punta del este,-34.9667,-54.95,9.93,78,75,1.54,UY,1717471902
179,nagqu,31.5,92.0,7.63,20,100,3.75,CN,1717472090
180,sao gabriel da cachoeira,-0.1303,-67.0892,23.11,99,100,1.03,BR,1717472090
181,harstad,68.799,16.5293,9.53,90,100,4.92,NO,1717472029
182,ar ruways,24.1103,52.7306,30.1,53,0,1.38,AE,1717472091
183,bafra,41.5678,35.9069,21.96,60,0,2.24,TR,1717472091
184,bamboo flat,11.7,92.7167,31.05,74,40,5.14,IN,1717472091
185,sabang,5.8933,95.3214,28.9,70,100,1.1,ID,1717472091
186,turabah,21.2141,41.6331,30.1,18,0,1.65,SA,1717472091
187,ribeira grande,38.5167,-28.7,15.99,87,12,2.24,PT,1717472092
188,kudahuvadhoo,2.6708,72.8944,28.49,77,93,3.23,MV,1717472092
189,devrek,41.2192,31.9558,17.47,66,55,2.09,TR,1717472092
190,pinarbasi,38.7229,36.3931,17.31,52,0,1.63,TR,1717472092
191,xining,36.6167,101.7667,17.6,45,4,3.44,CN,1717472092
192,mana,5.6592,-53.7767,25.68,89,100,4.0,GF,1717472093
193,arraial do cabo,-22.9661,-42.0278,21.83,85,5,4.32,BR,1717471893
194,hithadhoo,-0.6,73.0833,28.68,73,17,3.6,MV,1717472093
195,freetown,8.484,-13.2299,27.84,78,40,3.09,SL,1717472093
196,saint-francois,46.4154,3.9054,8.14,95,100,0.0,FR,1717472093
197,buta,2.7858,24.73,21.1,99,100,0.53,CD,1717472094
198,kourou,5.1552,-52.6478,26.03,89,100,2.22,GF,1717472094
199,ilha de mocambique,-15.0342,40.7358,25.45,77,6,2.07,MZ,1717472094
200,kimbe,-5.5502,150.1429,30.15,72,77,2.67,PG,1717472094
201,crane,31.3974,-102.3501,31.85,7,28,3.55,US,1717472095
202,uturoa,-16.7333,-151.4333,27.24,80,100,6.97,PF,1717472095
203,malango,-2.9627,119.9001,21.72,91,100,0.65,ID,1717472095
204,klaksvik,62.2266,-6.589,5.51,74,81,10.11,FO,1717472095
205,trairi,-3.2778,-39.2689,24.69,91,5,2.52,BR,1717471878
206,bokhan,53.153,103.7714,19.96,52,94,4.1,RU,1717472096
207,kargasok,59.0556,80.8572,9.42,40,4,4.47,RU,1717472015
208,aberdeen,57.1437,-2.0981,11.78,73,100,3.6,GB,1717471935
209,autazes,-3.5797,-59.1306,23.93,97,85,0.98,BR,1717472096
210,enewetak,11.3474,162.3373,27.62,84,100,6.88,MH,1717472096
211,dimbokro,6.6451,-4.7048,22.88,98,91,1.56,CI,1717472097
212,isafjordur,66.0755,-23.124,0.8,69,99,4.74,IS,1717472097
213,lucapa,-8.4192,20.7447,18.39,52,28,1.33,AO,1717472097
214,yelizovo,53.1873,158.3805,17.08,42,0,7.0,RU,1717472097
215,luderitz,-26.6481,15.1594,12.04,77,2,2.48,NA,1717472098
216,santana,-0.0583,-51.1817,27.1,89,100,2.06,BR,1717472098
217,irati,-25.4672,-50.6511,12.64,99,1,0.77,BR,1717471814
218,nazyvayevsk,55.5698,71.3529,10.86,72,49,3.64,RU,1717472099
219,ambon,-3.6954,128.1814,29.08,79,40,1.03,ID,1717472099
220,tambopata,-12.7333,-69.1833,20.44,81,27,1.01,PE,1717472099
221,mejit,10.2753,170.8646,28.14,79,100,8.69,MH,1717472099
222,jawhar,2.7809,45.5005,25.79,84,20,6.05,SO,1717472100
223,haiku-pauwela,20.9219,-156.3051,26.23,80,40,10.29,US,1717471990
224,nijar,36.9665,-2.206,18.7,52,0,1.54,ES,1717472100
225,east london,-33.0153,27.9116,10.52,71,0,3.6,ZA,1717472100
226,petropavlovsk-kamchatsky,53.0452,158.6483,16.33,75,0,7.0,RU,1717472100
227,tsiombe,-25.3,45.4833,18.27,92,24,2.97,MG,1717472101
228,peace river,56.2501,-117.286,12.17,93,100,4.12,CA,1717472101
229,camana,-16.6228,-72.7111,17.33,81,79,2.11,PE,1717472101
230,callao,-12.0667,-77.15,16.9,77,75,4.12,PE,1717472014
231,mezhdurechensk,53.6942,88.0603,12.73,70,100,4.67,RU,1717472102
232,tolanaro,-25.0319,46.9987,21.04,88,75,9.77,MG,1717472102
233,nyandoma,61.669,40.1991,18.94,84,18,1.61,RU,1717472103
234,bhuj,23.2667,69.6667,31.8,51,12,5.86,IN,1717472103
235,hovd,48.0056,91.6419,17.4,20,76,3.82,MN,1717472103
236,luanco,43.6152,-5.7934,16.43,88,34,4.02,ES,1717472103
237,nar'yan-mar,67.6713,53.087,6.73,95,99,2.68,RU,1717471960
238,laranjeiras do sul,-25.4078,-52.4161,13.93,94,7,1.29,BR,1717471964
239,la grande,45.3246,-118.0877,10.72,59,64,3.17,US,1717472105
240,olyokminsk,60.3736,120.4264,25.51,31,100,3.26,RU,1717472105
241,panama city beach,30.1766,-85.8055,27.01,86,0,2.57,US,1717472105
242,nuuk,64.1835,-51.7216,9.34,53,100,0.51,GL,1717472105
243,oranjemund,-28.55,16.4333,14.44,73,100,2.88,NA,1717472106
244,darfo boario terme,45.8835,10.1807,15.12,89,22,0.45,IT,1717472106
245,saipan,15.1355,145.701,32.39,62,40,5.66,MP,1717471844
246,santarem,-2.4431,-54.7083,24.07,100,20,1.03,BR,1717472107
247,peterborough,52.5736,-0.2478,14.43,94,100,2.06,GB,1717472107
248,mount pearl,47.5166,-52.7813,7.86,98,100,3.6,CA,1717472107
249,belomorsk,64.5232,34.7668,11.95,96,100,1.47,RU,1717472107
250,antigonish,45.6169,-61.9986,11.75,97,100,2.1,CA,1717472107
251,margate,51.3813,1.3862,15.39,84,97,0.89,GB,1717472009
252,mazamari,-11.3258,-74.5308,21.42,76,75,0.66,PE,1717472108
253,esquina,-30.0144,-59.5272,8.4,85,100,2.55,AR,1717472108
254,san antonio de pale,-1.4014,5.6325,25.65,83,36,6.76,GQ,1717472108
255,st. john's,47.5649,-52.7093,9.53,98,100,3.6,CA,1717471910
256,vilyuchinsk,52.9306,158.4028,17.15,70,65,2.7,RU,1717472109
257,jamestown,42.097,-79.2353,18.8,93,75,1.54,US,1717472109
258,remire-montjoly,4.9167,-52.2667,26.02,94,0,0.0,GF,1717472109
259,belokurikha,51.9959,84.9896,10.62,93,100,2.86,RU,1717472065
260,kupang,-10.1667,123.5833,34.32,55,40,6.17,ID,1717472110
261,nobres,-14.7203,-56.3275,24.86,47,100,0.63,BR,1717472110
262,portland,45.5234,-122.6762,14.97,66,100,2.68,US,1717472110
263,impfondo,1.6381,18.0667,22.69,98,100,1.48,CG,1717472111
264,saint augustine beach,29.8505,-81.2654,26.11,73,40,3.09,US,1717472111
265,okha,53.5739,142.9478,7.36,56,93,3.13,RU,1717472111
266,zykovo,55.9519,93.1461,17.77,45,97,4.85,RU,1717472111
267,tegueste,28.5167,-16.3167,18.33,89,100,10.29,ES,1717472112
268,grand falls-windsor,48.9332,-55.6649,10.56,96,97,4.19,CA,1717472112
269,rusape,-18.5278,32.1284,11.6,76,0,0.27,ZW,1717472112
270,villa gesell,-37.2639,-56.973,5.59,72,98,4.97,AR,1717472113
271,plettenberg bay,-34.0527,23.3716,13.16,87,100,1.9,ZA,1717472113
272,nellore,14.4333,79.9667,34.12,48,100,0.52,IN,1717472113
273,antsiranana,-12.2787,49.2917,24.42,60,40,3.09,MG,1717472113
274,bargaal,11.2864,51.0773,29.8,65,99,3.24,SO,1717472114
275,lazaro cardenas,17.9583,-102.2,25.71,72,4,2.14,MX,1717472114
276,veraval,20.9,70.3667,30.56,65,100,3.62,IN,1717472114
277,isangel,-19.55,169.2667,28.06,65,20,3.09,VU,1717471889
278,ivins,37.1686,-113.6794,32.62,18,100,0.45,US,1717472115
279,ventspils,57.3894,21.5606,13.96,100,100,1.54,LV,1717472115
280,palikir - national government center,6.9248,158.1611,30.47,79,100,7.72,FM,1717472115
281,salekhard,66.53,66.6019,0.22,82,99,0.89,RU,1717472115
282,lib,8.3122,167.3766,28.53,80,100,6.96,MH,1717472116
283,tazacorte,28.629,-17.9293,19.54,95,0,2.57,ES,1717471964
284,labrador city,52.9463,-66.9114,15.1,76,0,1.03,CA,1717472116
285,bangui,4.3612,18.555,24.1,94,23,0.0,CF,1717472116
286,la passe,45.5549,-0.8967,13.32,82,64,2.62,FR,1717472116
287,iringa,-7.7667,35.7,12.69,93,2,2.32,TZ,1717472117
288,alaghsas,17.0187,8.0168,31.93,25,12,4.14,NE,1717472117
289,volksrust,-27.3654,29.8818,0.42,72,1,4.98,ZA,1717472117
290,saint-philippe,-21.3585,55.7679,18.77,77,37,3.95,RE,1717472117
291,pemangkat,1.1667,108.9667,29.26,69,100,1.32,ID,1717472117
292,hakui,36.8833,136.7833,22.67,69,32,4.63,JP,1717472118
293,williams lake,52.1415,-122.1445,15.76,44,75,4.12,CA,1717472063
294,mount gambier,-37.8333,140.7667,14.41,37,100,1.17,AU,1717472118
295,ambleve,50.3514,6.1681,10.91,100,100,0.51,BE,1717472118
296,muntok,-2.0667,105.1833,28.55,76,100,0.96,ID,1717472118
297,san pedro,14.35,121.0167,33.57,67,40,2.68,PH,1717471898
298,howrah,22.5892,88.3103,32.0,79,40,5.14,IN,1717472119
299,justo daract,-33.8594,-65.1828,8.45,42,100,6.04,AR,1717472119
300,mhlume,-26.0333,31.85,16.91,43,0,1.25,SZ,1717472119
301,cidreira,-30.1811,-50.2056,12.66,68,44,2.25,BR,1717472120
302,floro,61.5996,5.0328,8.98,81,75,9.26,NO,1717472120
303,laminusa,5.5549,120.9136,28.99,72,100,1.36,PH,1717472120
304,imbituba,-28.24,-48.6703,11.67,89,100,4.98,BR,1717471821
305,rawah,34.4816,41.9093,32.18,13,0,1.94,IQ,1717472121
306,tahe,52.3333,124.7333,24.5,17,79,1.04,CN,1717472121
307,turkmenabat,39.0733,63.5786,24.99,25,0,2.06,TM,1717472121
308,taco pozo,-25.6167,-63.2833,13.92,41,100,1.21,AR,1717472121
309,colonia,50.9333,6.95,14.97,82,100,2.06,DE,1717472121
310,port hedland,-20.3167,118.5667,24.03,35,0,9.77,AU,1717472122
311,loukhi,66.0764,33.0381,12.31,90,86,1.87,RU,1717472122
312,aykhal,66.0,111.5,17.6,30,22,5.38,RU,1717472122
313,northam,51.0333,-4.2167,13.7,89,87,2.54,GB,1717472122
314,bandon,51.7469,-8.7425,12.77,84,100,3.69,IE,1717472123
315,kununurra,-15.7667,128.7333,25.99,53,0,6.69,AU,1717472006
316,dudinka,69.4058,86.1778,-1.85,92,97,2.24,RU,1717472123
317,rabo de peixe,37.8,-25.5833,17.77,99,20,3.6,PT,1717472123
318,khandyga,62.6667,135.6,15.94,49,61,7.01,RU,1717472124
319,mamuju,-2.6748,118.8885,26.83,87,100,1.04,ID,1717472124
320,lorengau,-2.0226,147.2712,30.11,64,9,3.18,PG,1717472124
321,raduzhny,62.0961,77.475,6.81,50,64,3.54,RU,1717472124
322,orkney,-26.9802,26.6727,2.52,61,0,3.06,ZA,1717472124
323,ust'-barguzin,53.45,108.9833,15.34,58,25,2.76,RU,1717472125
324,i-n-salah,27.1935,2.4607,31.03,13,11,2.46,DZ,1717472043
325,chissamba,-12.1667,17.3333,11.53,46,10,1.26,AO,1717472125
326,evanston,42.0411,-87.6901,28.0,60,40,4.63,US,1717471906
327,bodo,67.28,14.405,11.64,82,40,5.14,NO,1717472126
328,valparaiso,-33.0393,-71.6273,14.52,77,100,0.0,CL,1717472034
329,puerto ayora,-0.7393,-90.3518,21.97,99,63,2.98,EC,1717472126
330,richards bay,-28.783,32.0377,14.49,39,0,2.08,ZA,1717472126
331,labytnangi,66.6572,66.4183,0.21,82,99,0.45,RU,1717472002
332,vadso,70.0744,29.7487,10.49,87,75,6.17,NO,1717472127
333,santa elena de uairen,4.6167,-61.1333,19.35,86,67,1.25,VE,1717472127
334,villavicencio,4.142,-73.6266,22.26,99,100,0.23,CO,1717472127
335,hastings,50.8552,0.5729,15.44,92,97,2.13,GB,1717472127
336,magadan,59.5667,150.8,6.96,79,97,3.35,RU,1717472128
337,varnamo,57.186,14.04,11.82,85,31,4.43,SE,1717472128
338,idri,27.5,13.2667,28.99,29,70,3.83,LY,1717472128
339,kitimat,54.0524,-128.6534,13.71,75,64,2.68,CA,1717472128
340,el charco,2.4769,-78.1105,24.76,97,100,2.48,CO,1717472129
341,borgarnes,64.5383,-21.9206,5.03,72,96,2.19,IS,1717472129
342,catriel,-37.8791,-67.7956,8.68,45,92,5.39,AR,1717472129
343,iwanai,42.9744,140.5089,19.94,57,79,1.23,JP,1717472129
344,sona,45.4388,10.8255,16.29,93,0,1.54,IT,1717472129
345,rantauprapat,2.1,99.8333,30.31,66,100,1.18,ID,1717472130
346,altai,46.3722,96.2583,13.75,30,100,9.4,MN,1717472130
347,sume,-7.6717,-36.88,19.77,95,40,2.0,BR,1717472130
348,bondo,3.8146,23.6866,21.91,92,74,0.56,CD,1717472130
349,olonets,60.9847,32.9698,13.33,92,100,2.16,RU,1717472131
350,taltal,-25.4,-70.4833,15.53,83,100,1.84,CL,1717472131
351,obudu,6.6674,9.1716,23.09,97,71,1.82,NG,1717472131
352,jhingergacha,23.1131,89.0938,35.5,49,27,3.91,BD,1717472131
353,worcester,42.3334,-71.8328,16.85,80,41,0.86,US,1717472132
354,ak'ordat,15.5486,37.8867,33.36,25,22,0.59,ER,1717472132
355,kurgan,55.45,65.3333,13.3,96,77,4.47,RU,1717471862
356,benghazi,32.1167,20.0667,27.79,34,1,3.43,LY,1717471981
357,nyurba,63.2842,118.3319,19.84,65,100,1.99,RU,1717472133
358,yantzaza,-3.8278,-78.7594,18.47,99,55,0.05,EC,1717472133
359,daru,-9.0763,143.2092,28.3,69,64,3.51,PG,1717472050
360,minas de marcona,-15.2119,-75.1103,11.87,87,54,2.84,PE,1717472133
361,amga,60.8953,131.9608,15.75,32,25,5.82,RU,1717472134
362,atafu village,-8.5421,-172.5159,29.02,74,67,5.01,TK,1717472046
363,nogliki,51.8333,143.1667,8.52,68,61,1.34,RU,1717472134
364,mudanya,40.3753,28.8822,24.56,63,100,0.57,TR,1717472134
365,castries,13.9957,-61.0061,27.04,89,100,5.81,LC,1717472134
366,potchefstroom,-26.7167,27.1,0.19,75,0,2.36,ZA,1717472135
367,kashgar,39.4547,75.9797,23.56,16,75,5.0,CN,1717472105
368,weilburg,50.4833,8.25,10.07,92,54,0.28,DE,1717472135
369,pella,59.7775,30.8181,18.31,82,100,2.42,RU,1717472135
370,san patricio,28.017,-97.5169,29.36,83,82,8.8,US,1717472136
371,tofol,5.3248,163.0078,29.88,74,75,3.6,FM,1717471930
372,khlong luang,14.0647,100.6458,32.98,55,40,5.14,TH,1717471980
373,albion,42.2431,-84.753,21.1,83,0,2.06,US,1717472137
374,zaltan,32.947,11.8665,21.25,86,100,6.07,LY,1717472137
375,axim,4.8699,-2.2405,25.71,87,89,3.13,GH,1717472137
376,cafelandia,-21.8025,-49.61,15.95,67,0,2.9,BR,1717472137
377,heyuan,23.7333,114.6833,24.26,91,100,0.79,CN,1717472138
378,kargopol',61.5071,38.9456,18.8,86,24,1.2,RU,1717472138
379,aiquile,-18.2041,-65.1807,9.2,85,21,0.77,BO,1717472138
380,broome,42.2506,-75.833,19.25,85,65,0.26,US,1717471910
381,tagab,34.855,69.6492,24.37,20,0,3.95,AF,1717472139
382,vila franca do campo,37.7167,-25.4333,18.27,99,16,2.51,PT,1717472139
383,tataouine,32.9297,10.4518,17.51,88,89,7.42,TN,1717472139
384,fort st. john,56.2499,-120.8529,8.94,100,100,3.09,CA,1717472008
385,kolonia town,6.964,158.206,31.06,79,100,7.72,FM,1717472140
386,nicoya,10.1483,-85.452,25.46,94,100,0.79,CR,1717471885
387,miyakonojo,31.7333,131.0667,24.79,44,3,1.64,JP,1717471841
388,kailua-kona,19.6406,-155.9956,27.98,81,40,3.6,US,1717472014
389,solnechnyy,50.7214,136.6319,16.13,42,27,2.87,RU,1717472141
390,yacuiba,-22.038,-63.6797,9.2,75,17,1.07,BO,1717472036
391,kiunga,-6.1219,141.2906,24.29,98,100,0.79,PG,1717472141
392,paita,-5.0892,-81.1144,18.8,84,6,2.95,PE,1717472141
393,norilsk,69.3535,88.2027,-1.99,80,100,2.19,RU,1717472142
394,saint croix,17.7397,-64.7388,28.25,87,40,4.12,VI,1717472142
395,san jose del guaviare,2.5729,-72.6459,22.97,100,100,1.19,CO,1717472142
396,serpong,-6.3169,106.6642,33.86,100,100,1.15,ID,1717472142
397,suntar,62.1444,117.6319,20.07,59,100,2.77,RU,1717472143
398,huarmey,-10.0681,-78.1522,17.85,86,0,3.36,PE,1717472143
399,ancud,-41.8697,-73.8203,8.51,89,100,5.38,CL,1717471903
400,new norfolk,-42.7826,147.0587,14.4,71,65,0.56,AU,1717472143
401,tomatlan,19.9333,-105.25,22.02,84,0,0.38,MX,1717472143
402,howard springs,-12.497,131.047,30.55,67,21,1.4,AU,1717472144
403,gandajika,-6.75,23.95,20.57,84,68,1.04,CD,1717472144
404,mokhsogollokh,61.4681,128.9203,16.79,43,27,4.98,RU,1717472144
405,hasaki,35.7333,140.8333,22.94,68,17,9.5,JP,1717471958
406,revelstoke,50.9832,-118.2023,11.01,93,100,1.03,CA,1717472144
407,at taj,24.2049,23.2857,27.88,17,0,3.64,LY,1717472145
408,antsohihy,-14.8796,47.9875,22.54,68,15,3.75,MG,1717472145
409,port blair,11.6667,92.75,31.02,74,40,5.14,IN,1717472145
410,pathein,16.7833,94.7333,31.07,69,83,4.84,MM,1717472145
411,alofi,-19.0595,-169.9187,25.94,61,95,7.72,NU,1717472077
412,kingscliff,-28.2667,153.5667,20.53,34,56,3.6,AU,1717472145
413,sao vicente,-23.9631,-46.3919,22.37,26,84,3.29,BR,1717472146
414,comodoro rivadavia,-45.8667,-67.5,6.92,53,75,1.54,AR,1717471857
415,sao miguel do araguaia,-13.275,-50.1628,25.4,42,100,2.56,BR,1717472146
416,fuerte olimpo,-21.0415,-57.8738,21.71,70,26,3.02,PY,1717472146
417,el porvenir,13.7617,-87.3458,23.63,99,100,0.8,HN,1717472146
418,aghsu,40.5703,48.4009,26.18,39,1,0.39,AZ,1717472146
419,saudarkrokur,65.7461,-19.6394,1.45,99,100,11.43,IS,1717472147
420,rongelap,11.1635,166.8941,27.9,82,100,8.96,MH,1717472147
421,khonsa,27.0167,95.5667,25.55,91,79,1.46,IN,1717472147
422,dinard,48.6314,-2.0614,12.02,92,20,2.06,FR,1717472147
423,gavle,60.6745,17.1417,12.18,73,0,3.21,SE,1717472147
424,hailin,44.5833,129.4167,15.19,83,94,6.55,CN,1717472148
425,manta,-0.95,-80.7333,22.88,83,75,5.66,EC,1717471908
426,tabou,4.423,-7.3528,24.91,92,100,2.59,CI,1717472148
427,port saint john's,-31.6229,29.5448,13.73,56,45,3.01,ZA,1717472049
428,cabo,-8.2833,-35.0333,24.96,92,16,2.13,BR,1717472148
429,lyndon,38.2567,-85.6016,22.57,79,0,0.0,US,1717472149
430,kinmparana,12.8402,-4.9199,27.98,59,27,5.13,ML,1717472149
431,upanema,-5.6419,-37.2578,24.5,84,12,2.28,BR,1717472149
432,zhangye,38.9342,100.4517,24.91,20,0,3.13,CN,1717472149
433,okhotsk,59.3833,143.3,3.66,96,100,8.89,RU,1717472149
434,port lincoln,-34.7333,135.8667,13.35,77,96,4.37,AU,1717472150
435,auki,-8.7676,160.7034,29.72,70,24,1.7,SB,1717472150
436,toppenish,46.3774,-120.3087,16.61,45,56,5.4,US,1717472150
437,tongging,2.8969,98.5262,22.6,66,97,1.79,ID,1717472151
438,bengkulu,-3.8004,102.2655,30.11,63,98,1.73,ID,1717472151
439,tamanrasset,22.785,5.5228,26.95,22,39,4.63,DZ,1717472151
440,geraldton,-28.7667,114.6,22.23,56,75,5.66,AU,1717472151
441,hami,42.8,93.45,29.16,17,47,3.02,CN,1717472151
442,konibodom,40.2843,70.4426,25.78,37,15,5.06,TJ,1717472152
443,alice springs,-23.7,133.8833,15.75,63,1,5.66,AU,1717471885
444,jatai,-17.8814,-51.7144,16.18,62,40,0.77,BR,1717472152
445,egilsstadir,65.2653,-14.3948,1.95,75,75,10.8,IS,1717472152
446,camiri,-20.05,-63.5167,10.87,94,1,1.0,BO,1717472153
447,manismata,-2.4667,111.0333,24.85,94,100,1.15,ID,1717471949
448,suicheng,33.8963,117.9331,30.53,23,100,3.58,CN,1717472153
449,indiana,40.0003,-86.2503,22.83,77,0,1.54,US,1717472154
450,touros,-5.1989,-35.4608,23.69,94,45,3.34,BR,1717471968
451,rawson,-43.3002,-65.1023,9.07,52,100,14.52,AR,1717472154
452,otelu rosu,45.5333,22.3667,14.71,94,0,0.71,RO,1717472154
453,pisco,-13.7,-76.2167,15.03,82,0,1.54,PE,1717472154
454,tokar,18.4254,37.729,27.99,74,0,2.05,SD,1717472155
455,sanibel,26.449,-82.0223,26.12,93,48,4.47,US,1717472155
456,missoula,47.0166,-113.8009,4.8,72,89,5.84,US,1717471891
457,puerto aysen,-45.4,-72.7,3.38,93,78,0.9,CL,1717472062
458,pandan,14.0453,124.1694,32.27,63,91,0.69,PH,1717472156
459,undurkhaan,47.3194,110.6556,24.58,28,81,1.69,MN,1717472156
460,kapa'a,22.0752,-159.319,28.99,84,75,5.66,US,1717472156
461,mount isa,-20.7333,139.5,23.87,31,100,5.66,AU,1717472156
462,fusignano,44.4651,11.9571,17.02,90,0,1.7,IT,1717472157
463,mananjary,-21.2167,48.3333,20.42,83,85,1.84,MG,1717472157
464,salinas,36.6777,-121.6555,20.34,77,100,3.6,US,1717472157
465,korla,41.7597,86.1469,25.78,17,96,10.63,CN,1717472003
466,codrington,-38.2667,141.9667,13.37,47,100,1.49,AU,1717472157
467,ayorou,14.7308,0.9174,29.96,51,87,5.83,NE,1717472158
468,kolwezi,-10.7148,25.4667,14.29,45,2,2.39,CD,1717472158
469,nikolayevsk-on-amure,53.1406,140.73,5.12,67,100,3.58,RU,1717472158
470,stephenville,32.2207,-98.2023,28.44,82,0,4.63,US,1717471883
471,pucon,-39.2822,-71.9543,9.47,92,100,2.66,CL,1717472100
472,khasab,26.1799,56.2477,32.66,58,0,1.76,OM,1717472159
473,sarrebourg,48.7333,7.05,9.34,95,73,0.7,FR,1717472159
474,coquimbo,-29.9533,-71.3436,11.85,100,100,2.06,CL,1717472034
475,skelleftea,64.7507,20.9528,12.78,100,40,3.09,SE,1717472160
476,bodaybo,57.8506,114.1933,20.28,50,53,0.57,RU,1717472160
477,murzuq,25.9155,13.9184,30.5,19,26,5.15,LY,1717472160
478,lashkar gah,31.5938,64.3716,35.08,9,0,4.99,AF,1717472160
479,kualakapuas,-3.0091,114.3876,27.83,88,94,1.01,ID,1717472160
480,tevriz,57.509,72.4042,12.18,50,29,1.48,RU,1717472161
481,acarau,-2.8856,-40.12,25.28,89,6,3.71,BR,1717472161
482,hiratacho,35.4333,132.8167,19.98,68,75,6.17,JP,1717472161
483,suva,-18.1416,178.4415,26.71,61,75,4.63,FJ,1717472161
484,island harbour,50.724,-1.2758,16.07,75,98,2.63,GB,1717472162
485,sandnessjoen,66.0217,12.6316,8.06,81,75,7.2,NO,1717472162
486,waco,31.5493,-97.1467,28.31,77,0,7.72,US,1717472162
487,catia la mar,10.6038,-67.0303,27.97,83,100,3.51,VE,1717472162
488,aripuana,-9.1667,-60.6333,23.89,64,100,1.34,BR,1717472163
489,puerto ayacucho,5.6639,-67.6236,23.34,97,99,1.89,VE,1717472163
490,kilinochchi,9.3961,80.3982,30.69,68,100,5.8,LK,1717472163
491,itoman,26.1247,127.6694,27.83,68,20,9.26,JP,1717472164
492,bulancak,40.9372,38.2291,16.9,88,75,0.51,TR,1717472164
493,mabai,23.0128,104.4508,23.35,81,96,1.63,CN,1717472164
494,cookeville,36.1628,-85.5016,22.44,90,0,0.0,US,1717471866
495,longavi,-35.9667,-71.6833,10.86,69,93,1.29,CL,1717472164
496,inarajan village,13.2736,144.7484,31.89,82,100,5.06,GU,1717471965
497,jinka,5.65,36.65,18.03,88,24,1.13,ET,1717472165
498,popondetta,-8.7537,148.2534,31.62,57,88,2.99,PG,1717472165
499,wuhai,39.6647,106.8122,19.59,62,100,11.51,CN,1717472165
500,tonj,7.2737,28.6822,24.95,69,34,2.67,SS,1717472165
501,kamina,-8.7386,24.9906,17.33,56,30,1.62,CD,1717472166
502,vila velha,-20.3297,-40.2925,19.97,100,40,0.0,BR,1717472134
503,svetlyy,54.675,20.1347,14.03,93,97,4.63,RU,1717472166
504,mandalgovi,45.7625,106.2708,23.13,31,100,5.21,MN,1717472167
505,sinabang,2.4803,96.3801,30.3,71,91,1.53,ID,1717472167
506,cova figueira,14.8905,-24.2934,18.19,76,99,3.97,CV,1717472167
507,ta'izz,13.5,44.0,27.68,23,61,1.1,YE,1717472167
508,zhangzhou,24.5133,117.6556,25.96,74,100,1.27,CN,1717472167
509,yuzhno-kurilsk,44.0306,145.8556,6.88,97,99,4.3,RU,1717472168
510,berezivka,47.2043,30.9078,20.91,80,100,2.82,UA,1717472168
511,benito juarez,19.385,-99.165,24.91,23,75,2.06,MX,1717472168
512,mirpur sakro,24.5474,67.6277,30.34,62,100,8.37,PK,1717472168
513,naze,28.3667,129.4833,25.51,57,6,5.38,JP,1717472169
514,zongolica,18.6667,-96.9833,21.27,46,100,2.14,MX,1717472169
515,ust-tsilma,65.441,52.1498,9.78,95,100,3.58,RU,1717472169
516,sao joao da barra,-21.6403,-41.0511,21.6,90,0,3.66,BR,1717471939
517,dolores,-36.3132,-57.6792,4.9,81,90,2.47,AR,1717472169
518,xiaoweizhai,26.1903,107.5125,16.34,98,100,1.74,CN,1717472170
519,lospalos,-8.5186,127.0025,26.25,67,15,4.99,TL,1717471901
520,medicine hat,50.0501,-110.6683,16.55,39,75,8.75,CA,1717471945
521,antonio enes,-16.2325,39.9086,22.17,90,0,3.07,MZ,1717472170
522,goz beida,13.95,20.55,28.31,13,0,2.96,TD,1717472170
523,ushtobe,45.2514,77.9838,20.88,25,0,8.93,KZ,1717472171
524,grande prairie,55.1667,-118.8027,12.1,87,75,2.57,CA,1717471903
525,natal,-5.795,-35.2094,25.36,100,40,3.6,BR,1717472171
526,mezhdurechenskiy,59.6,65.9333,12.56,57,88,2.73,RU,1717472171
527,qarqaraly,49.4058,75.4742,17.69,42,2,8.15,KZ,1717472171
528,taroa,8.7058,171.2275,28.1,81,76,8.54,MH,1717472172
529,reyes,-14.3167,-67.3833,20.36,76,100,0.97,BO,1717472172
530,torres,-29.3353,-49.7269,8.26,73,72,2.8,BR,1717471907
531,el alto,-4.2714,-81.2147,17.81,84,19,5.02,PE,1717472172
532,banff,51.1762,-115.5698,10.57,61,100,3.09,CA,1717472172
533,torghay,49.6339,63.4981,25.32,25,75,4.0,KZ,1717472173
534,brokopondo,4.75,-55.1667,25.52,87,83,2.68,SR,1717472173
535,vetluzhskiy,58.3902,45.4654,17.8,91,29,1.34,RU,1717472173
536,roma,43.2128,-75.4557,19.81,91,0,1.54,US,1717472163
537,jincheng,35.5022,112.8328,27.86,25,100,5.34,CN,1717472174
538,cacheu,12.2706,-16.1658,25.05,77,100,2.39,GW,1717472174
539,namibe,-15.1961,12.1522,17.1,84,29,1.64,AO,1717472174
540,ryotsu-minato,38.0833,138.4333,18.25,75,13,2.28,JP,1717472174
541,constantia,44.1833,28.65,19.28,84,50,2.33,RO,1717472161
542,dryden,49.7833,-92.7503,16.16,88,75,2.06,CA,1717472175
543,semey,50.4111,80.2275,21.12,46,0,6.0,KZ,1717472175
544,turpan,42.9333,89.1667,30.32,21,98,2.14,CN,1717472175
545,katsuren-haebaru,26.3369,127.8719,27.83,62,40,6.17,JP,1717472175
546,fiambala,-27.6871,-67.6149,8.76,58,100,1.77,AR,1717472175
547,toliara,-23.35,43.6667,21.95,50,7,4.15,MG,1717472176
548,flying fish cove,-10.4217,105.6791,28.82,74,75,5.66,CX,1717472176
